{
  "A": {
    "label": "Etna flank eruptions",
    "n": 85,
    "r": 0.5180006402659257,
    "r_err": 0.029509327057795274,
    "beta": 0.8800042684395049,
    "cv": 1.1586094472911244,
    "ks_poi_D": 0.16018414456847407,
    "ks_poi_p": 0.022594857112672555,
    "ks_goe_D": 0.37542304780288566,
    "ks_goe_p": 2.8727598551134073e-11,
    "ks_gue_D": 0.4416321474955607,
    "ks_gue_p": 1.2838218996690489e-15,
    "best": "Poisson",
    "ci": [
      0.3291626551233066,
      0.4605170058014041
    ]
  },
  "B": {
    "label": "Multi-volcano pooled",
    "n": 455,
    "r": 0.47031773493293866,
    "r_err": 0.013397188403725018,
    "beta": 0.5621182328862577,
    "cv": 1.2746706683323503,
    "ks_poi_D": 0.1524801364871743,
    "ks_poi_p": 1.0577481041549479e-09,
    "ks_goe_D": 0.36804542905866877,
    "ks_goe_p": 8.793082691129523e-56,
    "ks_gue_D": 0.4335742801827524,
    "ks_gue_p": 2.829527075778559e-78,
    "best": "Poisson",
    "ci": [
      0.4380299242960691,
      0.49774349730901146
    ]
  },
  "C": {
    "label": "Cascade arc spacing",
    "n": 16,
    "r": 0.5938718132080963,
    "r_err": 0.06019356735858323,
    "beta": 1.8637584060909895,
    "cv": 0.5631365456657551,
    "ks_poi_D": 0.24820988046931525,
    "ks_poi_p": 0.23540146631900116,
    "ks_goe_D": 0.15425659092793714,
    "ks_goe_p": 0.7873725076112563,
    "ks_gue_D": 0.2194668954146715,
    "ks_gue_p": 0.36939442340261175,
    "best": "GOE",
    "ci": [
      0.40691566740781343,
      0.7066464289391096
    ]
  },
  "D": {
    "label": "Iceland multi-rift unfiltered",
    "n": 66,
    "r": 0.6719321620408576,
    "r_err": 0.040783800567454676,
    "beta": 2.689321620408576,
    "cv": 1.588518499160192,
    "ks_poi_D": 0.32783540027228,
    "ks_poi_p": 8.083703162180172e-07,
    "ks_goe_D": 0.5414409201054262,
    "ks_goe_p": 1.2017343527234308e-18,
    "ks_gue_D": 0.6083089170882433,
    "ks_gue_p": 5.8187843705509314e-24,
    "best": "Poisson",
    "ci": [
      0.5181866328116329,
      0.7108362945930881
    ]
  }
}
